{"cameraMode":{"drawMode":0,"name":"Shaded","section":"Shading Mode"},"sceneLighting":true,"audioPlay":false,"sceneViewState":{"showFog":true,"showMaterialUpdate":false,"showSkybox":true,"showFlares":true,"showImageEffects":true,"showParticleSystems":true},"in2DMode":false,"pivot":{"x":5.900846481323242,"y":1.4045729637145997,"z":5.817284107208252},"rotation":{"x":-0.1844683140516281,"y":-0.11850912868976593,"z":0.02241196297109127,"w":-0.9754154682159424},"size":12.60838794708252,"orthographic":false}