{"cameraMode":{"drawMode":0,"name":"Shaded","section":"Shading Mode"},"sceneLighting":true,"audioPlay":false,"sceneViewState":{"showFog":true,"showMaterialUpdate":false,"showSkybox":true,"showFlares":true,"showImageEffects":true,"showParticleSystems":true},"in2DMode":false,"pivot":{"x":0.4586639404296875,"y":3.2805213928222658,"z":12.017457962036133},"rotation":{"x":-0.10759482532739639,"y":0.188235342502594,"z":-0.020748205482959749,"w":-0.97599196434021},"size":30.33167839050293,"orthographic":false}