{"cameraMode":{"drawMode":0,"name":"Shaded","section":"Shading Mode"},"sceneLighting":true,"audioPlay":false,"sceneViewState":{"showFog":true,"showMaterialUpdate":false,"showSkybox":true,"showFlares":true,"showImageEffects":true,"showParticleSystems":true},"in2DMode":false,"pivot":{"x":0.4354817271232605,"y":0.7967773079872131,"z":7.990060329437256},"rotation":{"x":0.023997588083148004,"y":-0.002999129006639123,"z":0.00007199297397164628,"w":0.9997075796127319},"size":11.145605087280274,"orthographic":false}