{"cameraMode":{"drawMode":0,"name":"Shaded","section":"Shading Mode"},"sceneLighting":true,"audioPlay":false,"sceneViewState":{"showFog":true,"showMaterialUpdate":false,"showSkybox":true,"showFlares":true,"showImageEffects":true,"showParticleSystems":true},"in2DMode":false,"pivot":{"x":333.0603332519531,"y":156.11837768554688,"z":168.20118713378907},"rotation":{"x":0.13548320531845094,"y":0.0068195839412510399,"z":-0.0009447247721254826,"w":0.9907907247543335},"size":851.1256713867188,"orthographic":false}