{"cameraMode":{"drawMode":0,"name":"Shaded","section":"Shading Mode"},"sceneLighting":true,"audioPlay":false,"sceneViewState":{"showFog":true,"showMaterialUpdate":false,"showSkybox":true,"showFlares":true,"showImageEffects":true,"showParticleSystems":true},"in2DMode":false,"pivot":{"x":14.122901916503907,"y":4.675933837890625,"z":73.30209350585938},"rotation":{"x":0.5096690058708191,"y":-0.01731107011437416,"z":0.010243656113743782,"w":0.8601744174957275},"size":163.0714874267578,"orthographic":false}